id,donorid,isanonymous,amount,dononame,frequency,comments,donodate
0,3518,t,"$8,314.00",Xavier Kirkland,weekly,"ipsum porta elit, a",2020-07-21
1,3464,f,$346.00,Darius Erickson,one-time,"Aliquam tincidunt, nunc ac",2020-01-05
2,5006,f,"$8,696.00",Raphael Vaughan,weekly,justo,2021-10-11
3,4736,t,"$4,514.00",Mercedes Lewis,weekly,nec metus facilisis lorem tristique,2018-08-05
4,4297,t,"$3,968.00",Selma Thompson,weekly,leo.,2022-09-20
5,6143,f,"$6,928.00",Hannah Kirkland,weekly,Maecenas,2020-09-28
6,2063,t,"$4,543.00",Asher Hawkins,weekly,commodo auctor velit. Aliquam,2016-08-03
7,7402,f,"$5,962.00",Maryam Barber,monthly,congue,2016-03-06
8,3572,t,"$1,912.00",Dale Floyd,one-time,"ac, eleifend",2021-11-28
9,4003,t,"$7,464.00",Charde Coleman,monthly,eu erat semper,2019-07-04
10,5897,t,"$6,776.00",Ignacia Reese,weekly,"parturient montes, nascetur ridiculus",2016-12-25
11,4392,f,"$6,893.00",Lydia Zamora,monthly,"quam, elementum at, egestas",2018-01-06
12,1706,f,$431.00,Mohammad Langley,weekly,Cum sociis,2019-08-07
13,6762,f,"$7,593.00",Asher Conner,weekly,Nam interdum enim non,2021-10-20
14,85,t,"$8,864.00",Minerva Massey,weekly,"nunc est, mollis non,",2018-09-08
15,5326,t,"$9,874.00",Ralph Chandler,weekly,pellentesque,2018-04-14
16,1353,f,"$3,585.00",Juliet Hill,weekly,,2017-07-29
17,2080,f,"$9,676.00",Wade Fernandez,one-time,Donec,2019-02-10
18,4393,f,"$4,679.00",Urielle Tucker,one-time,in sodales elit erat vitae,2017-10-13
19,2647,f,"$1,032.00",Freya Waller,monthly,odio sagittis semper. Nam,2019-02-19
20,1230,t,"$4,793.00",Dawn Dillard,weekly,Curabitur ut,2019-07-23
21,7844,t,"$2,982.00",Melanie Lewis,monthly,Phasellus fermentum,2016-08-23
22,672,f,"$4,142.00",Ann Townsend,weekly,,2016-04-23
23,5611,t,"$2,145.00",Aphrodite Wilkins,one-time,,2019-09-18
24,6013,f,"$3,600.00",Ulysses Waters,one-time,pede. Nunc sed,2022-04-26
25,3778,f,"$8,121.00",Brielle Walker,weekly,erat. Sed nunc,2022-07-24
26,7101,t,$272.00,Randall Conrad,weekly,nonummy,2019-02-17
27,5917,t,"$8,636.00",Lee Best,weekly,orci luctus et ultrices posuere,2016-08-21
28,4377,t,"$5,678.00",Orson Estrada,one-time,Aliquam gravida,2022-10-22
29,2714,t,$281.00,Daryl Church,weekly,vel,2017-01-01
30,6252,f,$313.00,Griffin Cline,monthly,"lobortis quis,",2019-03-24
31,6430,f,$499.00,Whoopi Albert,monthly,mauris.,2018-06-30
32,7188,f,"$8,415.00",Sylvia Callahan,weekly,fermentum,2017-10-22
33,5531,f,"$4,255.00",Lani Vargas,one-time,eu dolor egestas rhoncus. Proin,2020-11-28
34,5810,t,"$8,549.00",Lesley Rollins,one-time,luctus felis purus ac,2020-03-22
35,2178,t,"$3,458.00",Kristen Britt,weekly,ligula eu enim. Etiam imperdiet,2020-10-14
36,44,f,"$7,598.00",Rashad Moon,weekly,"justo faucibus lectus,",2020-11-06
37,6782,f,"$6,732.00",Maxine Townsend,one-time,vitae aliquam eros turpis,2021-06-23
38,7225,t,"$7,944.00",Erasmus Mays,weekly,Nulla tempor augue ac,2021-05-17
39,3218,f,"$7,366.00",Hanae Boyer,one-time,"dictum placerat,",2019-03-22
40,4629,t,"$7,030.00",Melinda Frederick,weekly,libero. Proin,2018-11-30
41,6224,t,"$1,558.00",Carter Jackson,weekly,mollis,2022-09-25
42,4939,t,"$4,066.00",Nichole Horton,one-time,,2018-01-13
43,3242,t,"$4,195.00",Gary Moore,monthly,"lectus convallis est,",2021-06-18
44,2452,t,"$7,701.00",Curran Gilliam,weekly,"parturient montes,",2017-02-01
45,2185,t,"$1,862.00",Tanisha Graves,weekly,nec ante blandit,2021-10-07
46,7788,t,"$1,505.00",Irma Snider,weekly,libero nec,2016-06-14
47,3016,t,"$5,208.00",Neil Mccarty,weekly,Quisque ornare tortor,2018-02-14
48,7183,t,"$9,002.00",Bree Best,weekly,iaculis odio. Nam interdum enim,2020-04-11
49,5944,t,"$7,571.00",Ivory Glass,one-time,nibh sit amet,2022-12-20
50,6200,t,"$9,083.00",Declan Barton,weekly,Nullam,2022-06-20
51,6581,f,"$8,471.00",Hope Gilliam,weekly,"mattis ornare,",2018-05-26
52,749,f,"$1,344.00",Brittany Jordan,monthly,eu odio tristique,2022-04-12
53,8083,f,"$7,362.00",Barclay Lowe,one-time,"ipsum leo elementum sem,",2018-04-14
54,2573,f,"$4,662.00",Wanda Vargas,weekly,"eget, volutpat ornare,",2017-09-21
55,4045,f,"$8,880.00",Price Cochran,weekly,eros,2016-10-16
56,3289,f,"$8,077.00",Fulton Warner,monthly,mi. Aliquam,2016-08-18
57,1730,t,"$1,139.00",Unity Powers,weekly,Mauris molestie,2022-06-17
58,2728,f,"$4,997.00",Eaton Romero,one-time,at,2018-10-25
59,6979,t,"$1,802.00",Wesley Hardy,weekly,,2022-06-24
60,1172,f,"$8,171.00",Doris Foreman,weekly,"dolor, nonummy ac,",2016-09-24
61,883,t,$683.00,Louis Singleton,one-time,"in aliquet lobortis, nisi",2017-09-22
62,5913,f,$471.00,Megan Macdonald,monthly,massa. Suspendisse eleifend.,2020-03-10
63,6604,t,"$7,206.00",Ursula Coleman,monthly,lobortis risus.,2021-10-25
64,3528,t,"$9,329.00",Rhea Roman,weekly,ligula consectetuer,2018-10-22
65,4438,t,"$1,052.00",Charles Peck,one-time,"cursus et, magna.",2016-08-23
66,4595,t,"$3,444.00",Griffith Hurley,weekly,justo sit amet nulla.,2017-01-20
67,5646,f,"$8,269.00",Arthur Huff,one-time,Praesent luctus.,2021-03-08
68,4213,t,"$9,524.00",India Clements,weekly,"in, hendrerit",2017-11-21
69,4901,f,"$4,213.00",Arsenio Horne,monthly,mauris. Morbi non sapien,2022-11-17
70,4247,t,"$7,500.00",Scott Cardenas,monthly,,2016-07-03
71,34,f,"$6,896.00",Abraham Potts,one-time,"tristique pellentesque, tellus",2021-06-07
72,3875,t,"$2,149.00",Henry Black,weekly,molestie arcu.,2022-05-29
73,7529,t,"$6,478.00",Julian Morales,monthly,habitant,2017-01-30
74,5404,t,$997.00,Emery Hardy,monthly,ut quam,2016-12-21
75,6712,t,"$1,410.00",Simone Castillo,monthly,penatibus et magnis dis,2021-10-10
76,2437,f,"$2,368.00",Claire Daugherty,weekly,lorem fringilla,2018-05-02
77,3647,t,"$8,964.00",Paul Nolan,one-time,ipsum sodales,2022-02-17
78,3561,f,"$5,334.00",Rogan Patrick,one-time,elit. Curabitur,2021-03-17
79,2811,f,"$2,682.00",Neville Daniels,weekly,magna a neque. Nullam,2019-05-03
80,3135,f,"$9,656.00",Dahlia Bartlett,weekly,Proin mi. Aliquam gravida,2019-03-11
81,7776,f,"$9,563.00",Joshua Clark,one-time,imperdiet,2023-01-17
82,1171,t,"$1,249.00",Laura O'Neill,monthly,magna.,2021-05-02
83,1392,t,"$9,853.00",Jeremy Larsen,weekly,"mi enim, condimentum",2017-01-30
84,7363,t,"$1,439.00",Katell Browning,one-time,dignissim pharetra. Nam ac,2019-05-13
85,1284,f,"$8,419.00",Samuel Holden,monthly,et malesuada fames ac turpis,2022-01-12
86,2260,f,"$3,324.00",Silas Ballard,one-time,dignissim pharetra. Nam,2017-08-04
87,8007,t,"$3,277.00",Natalie Thornton,one-time,"montes, nascetur ridiculus mus.",2021-04-17
88,3865,f,"$9,037.00",Ira Armstrong,one-time,mauris id sapien. Cras dolor,2019-12-22
89,3603,t,"$8,312.00",Nevada Tyler,weekly,"gravida. Aliquam tincidunt, nunc ac",2017-07-31
90,2661,t,"$7,674.00",Cathleen Foreman,one-time,"elit, pretium",2022-10-20
91,4372,f,"$1,875.00",Ayanna Franco,weekly,"imperdiet, erat nonummy ultricies",2016-06-05
92,6737,f,"$3,532.00",Tasha Gates,weekly,lobortis risus. In mi,2019-03-24
93,6049,f,"$2,785.00",Cameron Perez,monthly,"dolor sit amet,",2018-05-19
94,1234,t,$237.00,Marsden Barry,one-time,"iaculis nec,",2020-05-09
95,2689,f,"$9,197.00",Ginger Hinton,one-time,turpis. Nulla,2020-08-10
96,3053,t,"$5,807.00",Sage Christensen,weekly,nascetur ridiculus mus. Donec dignissim,2021-04-12
97,2420,f,"$3,058.00",Zoe Odom,monthly,gravida molestie,2016-08-13
98,7229,f,"$8,059.00",Isaiah Willis,weekly,blandit congue. In scelerisque,2019-07-15
99,665,t,"$9,230.00",Malcolm Figueroa,weekly,diam vel,2019-11-21
100,5214,f,$284.00,Beverly Barry,monthly,id ante,2018-08-27
101,1853,f,"$1,700.00",Reece Mcconnell,weekly,non arcu. Vivamus sit amet,2017-03-07
102,3645,t,"$4,003.00",Laith Noble,one-time,"dolor, tempus",2020-07-02
103,7579,t,"$4,167.00",Carlos Wheeler,monthly,lorem,2021-06-18
104,7744,t,"$5,716.00",Chanda Wilkinson,monthly,nisl arcu,2018-01-31
105,6080,f,"$8,763.00",Amir Roy,weekly,Mauris vel turpis. Aliquam,2016-08-31
106,4502,t,"$7,535.00",Mira Allison,weekly,"felis orci, adipiscing non,",2019-03-27
107,4505,t,"$5,330.00",Bevis Sullivan,weekly,"enim nisl elementum purus, accumsan",2016-07-28
108,3470,t,"$8,718.00",Rogan York,weekly,"libero mauris, aliquam eu, accumsan",2020-08-10
109,4052,t,"$4,444.00",Emery Williams,one-time,metus. Aliquam,2017-09-24
110,2942,f,"$4,683.00",Axel Stout,monthly,"lacus, varius et, euismod",2019-12-15
111,4007,f,"$4,850.00",McKenzie Tyler,weekly,"ut aliquam iaculis, lacus pede",2017-12-21
112,6623,t,"$5,369.00",Alika Robbins,weekly,mollis lectus,2017-03-10
113,1944,f,"$5,010.00",Kimberly Daniel,weekly,dolor. Fusce,2016-11-21
114,2710,t,"$2,220.00",Rajah Clarke,monthly,"a, aliquet vel,",2020-11-08
115,2968,t,"$4,757.00",Jamal Sellers,one-time,mus. Donec dignissim magna,2020-08-28
116,274,f,"$9,182.00",Carson Ayala,weekly,Nunc,2017-10-10
117,6874,f,"$5,546.00",Alice Rodriguez,one-time,sapien. Aenean massa. Integer vitae,2021-05-08
118,6411,t,"$9,115.00",Abbot Hurst,weekly,dictum sapien.,2019-12-12
119,7961,f,"$1,145.00",Barbara Spencer,weekly,"mollis vitae,",2022-03-29
120,7514,f,"$6,089.00",Malcolm Zimmerman,one-time,Suspendisse commodo tincidunt nibh. Phasellus,2016-01-26
121,721,f,"$5,611.00",Brian Stevens,weekly,"non,",2018-09-05
122,2487,f,"$1,920.00",Aurora Santos,weekly,vitae dolor. Donec,2017-09-10
123,2216,f,"$8,117.00",Hillary Ratliff,weekly,sem,2016-02-03
124,3713,f,"$8,469.00",Garrison Williams,one-time,,2021-03-20
125,1344,f,$146.00,Hashim Lester,monthly,"felis, adipiscing fringilla,",2020-02-14
126,5091,f,"$5,907.00",Kylynn Santos,weekly,felis ullamcorper viverra. Maecenas,2016-04-16
127,2019,f,"$4,497.00",Stella Mcpherson,one-time,,2022-10-12
128,1709,f,"$2,454.00",Meghan Livingston,weekly,lorem,2019-06-29
129,5092,t,"$9,264.00",Clayton Hughes,weekly,"Phasellus dolor elit, pellentesque a,",2020-12-18
130,3176,f,"$8,244.00",Levi Robbins,one-time,magna.,2020-06-23
131,3788,f,$861.00,Risa Mcconnell,monthly,,2018-12-20
132,42,f,"$6,264.00",Marsden Hines,one-time,mauris,2016-07-04
133,7281,t,"$4,495.00",Tad Hull,weekly,,2018-12-05
134,1988,f,"$2,870.00",Kieran Santos,weekly,"Cras dolor dolor, tempus",2017-06-13
135,6505,f,"$9,497.00",Althea Gamble,one-time,mauris sagittis,2020-12-12
136,5628,t,$17.00,Jennifer Jackson,one-time,"a, dui. Cras",2019-10-02
137,7030,t,"$1,051.00",Janna Cameron,monthly,in sodales elit,2020-08-28
138,6030,f,"$8,425.00",Linda Travis,one-time,"dui quis accumsan convallis, ante",2022-03-15
139,547,f,"$6,150.00",Gregory Goodwin,monthly,Nam consequat,2016-01-29
140,984,f,"$6,365.00",Zachary Singleton,one-time,eu,2016-01-28
141,1822,f,"$2,584.00",Nigel Reid,weekly,arcu,2016-04-07
142,7374,t,"$2,279.00",Dale Hendricks,weekly,aliquam,2018-09-29
143,6186,f,"$6,965.00",Serena Flynn,weekly,Quisque,2016-03-11
144,2629,f,"$3,664.00",Keane Mccormick,monthly,Ut tincidunt vehicula risus.,2021-12-16
145,3610,t,"$3,824.00",Tamekah Gross,one-time,Morbi,2020-12-20
146,3610,f,"$8,268.00",Emma Stevens,monthly,"amet, consectetuer adipiscing elit.",2016-11-07
147,4684,t,"$6,860.00",Emmanuel Holman,weekly,vel est tempor bibendum.,2017-11-15
148,8123,f,"$5,976.00",Cairo Campos,monthly,Quisque fringilla euismod enim. Etiam,2016-06-28
149,1684,f,"$7,724.00",Kirsten Mcmillan,monthly,non,2022-12-22
150,5619,t,"$7,608.00",Bert Garza,weekly,velit. Cras,2020-10-04
151,2961,f,"$2,298.00",Marvin Conley,one-time,"Donec felis orci, adipiscing non,",2022-07-10
152,6530,t,"$9,203.00",Bethany Little,weekly,ornare tortor at risus.,2019-02-21
153,2970,t,"$7,970.00",Andrew Sawyer,one-time,est,2017-10-20
154,5151,f,"$6,311.00",Hedy Leon,one-time,aptent taciti,2018-06-27
155,2294,f,"$8,748.00",Brenda Frank,one-time,"lorem, auctor quis, tristique ac,",2016-04-21
156,118,t,"$5,267.00",Gil Duncan,monthly,Donec consectetuer mauris id,2022-11-28
157,4045,f,"$7,709.00",Chantale Marquez,weekly,mi,2021-11-20
158,3617,f,"$8,311.00",Orlando Higgins,monthly,,2019-09-18
159,3033,f,"$6,056.00",Baxter Palmer,weekly,"et, commodo",2019-03-21
160,6387,f,"$5,132.00",Coby Pitts,monthly,Praesent,2018-03-12
161,7317,f,"$8,499.00",Gage Barron,monthly,Integer tincidunt,2017-05-20
162,4366,f,"$8,375.00",Tanner Lane,monthly,mattis velit justo nec,2018-09-02
163,2267,t,"$5,847.00",Ignacia Armstrong,weekly,ullamcorper viverra. Maecenas,2022-04-24
164,5117,t,"$6,048.00",Robin Paul,one-time,,2020-10-29
165,8125,f,"$4,978.00",Chantale Thornton,monthly,Suspendisse tristique,2018-01-15
166,4745,f,"$7,914.00",Tara Cain,weekly,arcu eu odio tristique,2016-07-07
167,5053,f,"$8,341.00",Kaitlin Workman,weekly,congue,2017-02-12
168,7458,f,"$9,828.00",Orlando Burns,weekly,"elit,",2017-05-29
169,6220,f,"$3,789.00",Tad Snider,weekly,lectus justo,2017-02-01
170,7334,f,"$4,074.00",Idona Eaton,weekly,sapien. Aenean massa.,2021-03-03
171,2632,f,"$4,543.00",Kirk Quinn,weekly,"mollis nec, cursus a,",2021-10-27
172,1743,f,$784.00,Paloma Kane,weekly,"laoreet, libero et",2021-02-04
173,3537,f,"$3,358.00",Jermaine Lyons,one-time,vel arcu. Curabitur,2021-03-25
174,2893,f,"$1,490.00",Samson Gillespie,weekly,et,2021-09-13
175,173,t,"$1,362.00",Phillip Mccoy,monthly,scelerisque neque,2021-03-02
176,6622,f,$613.00,Alvin Banks,monthly,eu eros. Nam consequat,2019-12-03
177,2192,f,"$3,074.00",Regan Hayes,weekly,in faucibus orci luctus,2017-11-28
178,5370,t,"$8,359.00",Linda Ford,monthly,ridiculus mus. Proin,2020-07-04
179,5732,f,"$2,174.00",Abdul Kennedy,one-time,posuere,2018-08-27
180,3415,f,"$7,008.00",Yoshio Howe,weekly,,2019-02-23
181,3537,t,"$5,041.00",Irma Nielsen,weekly,amet lorem semper auctor.,2021-03-18
182,3697,f,"$9,748.00",Chaney Hewitt,monthly,metus,2020-02-18
183,3429,f,"$5,144.00",Erich Carrillo,monthly,"elit sed consequat auctor,",2022-06-28
184,4042,f,"$7,385.00",Quinn Noble,weekly,,2020-02-27
185,65,f,$366.00,Alfreda Jacobs,weekly,quis,2017-04-20
186,5386,t,"$1,008.00",Althea Stein,monthly,,2021-09-30
187,7213,f,$337.00,Bell Workman,monthly,orci,2021-10-05
188,3226,t,"$8,361.00",Mari Brewer,weekly,at arcu.,2021-07-21
189,7642,t,"$2,645.00",Forrest Cervantes,monthly,,2017-10-31
190,2605,f,"$1,141.00",Britanni Valencia,monthly,,2018-11-15
191,5099,t,$136.00,Courtney Neal,weekly,ac,2017-03-20
192,6236,f,"$6,769.00",Zephr Brennan,monthly,inceptos hymenaeos. Mauris ut,2021-07-01
193,116,f,"$8,810.00",Iola Sanford,one-time,adipiscing.,2020-09-05
194,7343,t,$656.00,Azalia Rasmussen,one-time,leo. Morbi,2019-01-15
195,5592,f,"$4,200.00",Sawyer Weeks,weekly,justo sit,2017-11-17
196,2937,f,"$2,572.00",Patience Leon,weekly,Cras vehicula aliquet,2019-01-12
197,3157,t,"$9,801.00",Aurora Cervantes,monthly,sit amet ornare,2019-07-06
198,1063,t,"$9,209.00",Aladdin Thompson,monthly,rhoncus. Donec est.,2016-10-04
199,1918,t,"$8,310.00",Catherine Valencia,weekly,a nunc. In at pede.,2016-02-09
200,1545,t,"$6,819.00",Madeson Roach,monthly,"sem,",2022-07-08
201,4646,t,"$7,626.00",Rebekah George,weekly,Sed auctor odio a purus.,2018-07-16
202,7076,f,"$4,758.00",Evelyn Walton,monthly,tortor. Integer aliquam,2021-10-23
203,5451,f,"$8,016.00",John Reese,weekly,semper.,2018-06-06
204,627,t,"$3,600.00",Cassady Gomez,weekly,morbi tristique senectus et netus,2018-02-15
205,4999,f,"$2,219.00",Bree Page,one-time,Donec,2017-01-15
206,8025,f,"$3,487.00",Freya Avila,weekly,"malesuada vel, convallis",2016-07-10
207,898,f,"$6,079.00",Ursa Reese,one-time,dapibus,2016-09-01
208,4294,f,$328.00,Emerald Gallagher,weekly,in faucibus orci,2019-07-06
209,7214,f,"$5,914.00",Emi Howell,weekly,Proin dolor. Nulla,2020-01-31
210,2555,f,"$9,078.00",Kennan Lang,monthly,risus.,2020-09-28
211,3617,f,"$5,761.00",Indigo Adkins,weekly,pellentesque,2016-08-20
212,5612,t,"$9,346.00",Beau Dawson,monthly,Nunc quis,2019-01-01
213,3576,f,"$8,014.00",Fletcher Charles,monthly,"non,",2021-12-25
214,3289,f,"$3,997.00",Colorado Hooper,monthly,velit justo,2019-01-05
215,6040,f,$921.00,Alice Stevens,one-time,erat vitae risus.,2017-06-21
216,5938,t,"$1,846.00",Stacey Russell,weekly,vitae,2021-05-01
217,1603,f,"$6,921.00",Kirk Sykes,one-time,pharetra,2021-06-23
218,6509,f,"$2,886.00",Benedict Bond,weekly,et risus. Quisque libero,2019-01-14
219,3457,f,"$2,420.00",Hilda Avery,monthly,Etiam,2018-04-16
220,2928,t,"$7,059.00",Kiayada Tyson,weekly,lorem eu metus.,2018-03-13
221,6794,f,"$9,167.00",Rowan Riddle,monthly,"sed,",2018-04-29
222,7199,f,"$7,179.00",Audrey Roth,one-time,,2017-05-20
223,3054,t,"$9,760.00",Frances Berg,weekly,enim,2019-09-10
224,7683,f,"$1,977.00",Florence Valencia,one-time,nascetur ridiculus mus.,2017-02-16
225,1950,t,"$1,206.00",Isaiah Wynn,weekly,Duis volutpat nunc sit amet,2017-10-29
226,5246,t,"$7,294.00",Reuben Norman,weekly,,2017-09-02
227,2735,f,"$4,919.00",Francis Munoz,monthly,ante.,2016-09-25
228,4111,t,"$9,176.00",Dora Mclaughlin,weekly,"et, rutrum non, hendrerit",2019-06-29
229,4925,f,"$2,139.00",Baker Garner,weekly,ante dictum,2021-09-28
230,4034,f,"$6,032.00",Robert Lynch,monthly,Nunc pulvinar,2019-10-26
231,2153,f,"$9,568.00",Gary Crawford,monthly,"sed, est. Nunc laoreet lectus",2021-03-01
232,6408,t,"$1,948.00",Lacota Russell,monthly,aliquam,2022-11-24
233,2360,t,"$3,412.00",Samuel Rodgers,weekly,,2022-03-18
234,7446,t,"$8,820.00",Channing Valentine,weekly,diam eu dolor egestas,2021-03-01
235,4178,t,"$1,946.00",Graiden O'donnell,weekly,,2022-01-13
236,8113,t,"$2,600.00",Nathaniel Saunders,monthly,,2021-02-24
237,7414,f,"$2,880.00",Yvette Shaffer,weekly,et,2020-05-18
238,4198,t,"$4,773.00",Hannah Washington,one-time,"sed,",2020-10-31
239,8025,f,"$4,914.00",Danielle Langley,monthly,,2020-11-20
240,569,f,"$9,579.00",Kai Fox,weekly,natoque penatibus et magnis dis,2021-02-19
241,7582,f,"$1,251.00",Jelani Norris,monthly,"amet, faucibus",2018-05-18
242,651,t,"$2,094.00",Basil Nixon,monthly,nibh sit,2022-07-19
243,256,f,"$4,445.00",Claire Mills,one-time,Nulla interdum.,2016-12-17
244,6673,t,"$7,814.00",Jenna Chen,one-time,malesuada,2016-11-12
245,167,f,"$1,608.00",India Chaney,weekly,et malesuada fames,2018-03-10
246,5567,f,"$6,183.00",Lester Bright,one-time,non quam. Pellentesque habitant morbi,2020-05-12
247,1655,f,"$8,547.00",Doris Lynn,one-time,"venenatis a,",2020-01-22
248,1748,f,"$1,590.00",Carly Mckenzie,weekly,,2016-07-02
249,5328,t,"$2,195.00",Conan Sawyer,weekly,"non,",2020-07-03
250,626,t,"$8,112.00",Pearl Chan,weekly,purus gravida,2017-02-12
251,5263,t,"$8,273.00",Branden Mcknight,one-time,Integer,2022-02-09
252,7407,t,"$8,123.00",Hillary Johnston,monthly,"nec, mollis",2022-01-13
253,3899,t,"$8,924.00",Orlando Everett,monthly,,2016-03-30
254,5503,f,"$9,244.00",Jacob Foley,weekly,Nulla eget metus,2022-03-30
255,1120,t,"$3,842.00",Samuel Shaffer,weekly,"non, egestas a,",2016-11-19
256,4434,t,"$9,341.00",Raja Paul,weekly,,2021-08-26
257,4840,f,"$3,738.00",Hoyt Burris,one-time,Maecenas iaculis aliquet diam.,2016-04-20
258,7986,t,"$7,010.00",Harlan Valdez,one-time,Donec tincidunt.,2017-04-02
259,4274,f,"$2,625.00",Colton Nixon,monthly,"egestas a,",2018-03-28
260,2629,t,"$4,023.00",Prescott Oneil,weekly,"sem elit, pharetra",2021-11-05
261,2105,f,"$5,055.00",Burke Conway,one-time,,2017-07-26
262,1465,t,"$6,785.00",Uma Sullivan,weekly,"vitae, orci.",2021-03-08
263,6703,f,$852.00,Scarlett Oneil,weekly,imperdiet ornare. In,2018-08-26
264,4945,f,"$8,370.00",Vivien Shepherd,weekly,"accumsan convallis, ante lectus convallis",2018-03-26
265,7206,t,"$3,896.00",Harlan Crane,monthly,"vitae,",2021-12-14
266,6671,t,"$5,240.00",Tasha Lindsey,monthly,eget mollis lectus,2022-11-13
267,4823,f,"$6,284.00",Carl Dillon,weekly,,2019-09-28
268,868,f,"$3,541.00",Jaden Joyce,monthly,eu elit. Nulla,2020-08-03
269,3050,t,"$6,815.00",Byron Miranda,weekly,"parturient montes, nascetur ridiculus",2017-01-28
270,5547,t,"$1,488.00",Illana Hoover,one-time,"pede, ultrices",2021-05-29
271,5611,t,"$3,564.00",Perry Sampson,monthly,"malesuada vel,",2018-04-05
272,6280,t,"$5,732.00",Avye Gibbs,weekly,Curae Phasellus,2017-06-24
273,1821,f,$253.00,Trevor Sears,weekly,lacinia,2016-04-07
274,5470,t,"$3,224.00",Macey Perry,weekly,,2017-08-17
275,2282,t,"$4,498.00",Evan Faulkner,weekly,"ornare placerat,",2022-01-14
276,1431,t,"$7,630.00",Nevada Mann,weekly,"semper et,",2022-06-18
277,4364,f,"$7,065.00",Vaughan Carver,monthly,,2019-04-27
278,695,t,"$9,142.00",Zane Sargent,monthly,,2022-10-11
279,6918,t,"$4,204.00",Lucy Olson,monthly,Praesent luctus. Curabitur,2022-05-06
280,5963,f,"$2,189.00",Ryder Glass,weekly,vulputate mauris sagittis placerat. Cras,2022-11-26
281,5549,f,"$9,106.00",Emma Harrison,weekly,"Donec nibh enim,",2020-05-23
282,7742,f,"$4,097.00",Kadeem Mcmahon,monthly,nascetur ridiculus mus. Proin,2020-09-09
283,742,f,"$7,276.00",Gareth Dodson,weekly,"id, erat.",2019-02-03
284,2738,f,"$7,676.00",Cameron Myers,one-time,Integer tincidunt aliquam arcu. Aliquam,2019-12-27
285,969,t,$478.00,Kuame Emerson,weekly,"Quisque imperdiet,",2017-09-28
286,524,t,"$4,095.00",Connor Merrill,monthly,Cras pellentesque. Sed,2022-07-02
287,6536,t,$446.00,Jeanette Lamb,weekly,,2017-08-13
288,1130,f,"$7,989.00",Emma Ferrell,monthly,metus. Aenean,2016-04-25
289,1628,f,"$7,079.00",Meredith Knowles,monthly,"lorem lorem, luctus ut,",2018-09-25
290,7128,t,"$9,242.00",Uriah Bean,monthly,sem egestas,2016-08-14
291,7981,t,$361.00,Moana Carver,weekly,quam a felis,2021-09-08
292,2618,t,"$9,635.00",Robin Marsh,one-time,nisi a odio semper,2017-11-11
293,847,t,"$9,024.00",Trevor Hatfield,weekly,"vulputate,",2018-07-09
294,6294,t,"$6,931.00",Yael Sims,one-time,cursus. Integer mollis.,2016-12-21
295,124,f,"$5,370.00",Warren Hughes,monthly,Nunc,2022-10-06
296,4589,t,"$4,025.00",Hashim Lara,monthly,Proin vel nisl.,2022-04-12
297,174,t,"$7,941.00",Kevyn Mckinney,monthly,"a ultricies adipiscing, enim mi",2018-12-05
298,7911,t,"$9,987.00",Avram Wright,monthly,sapien imperdiet ornare. In,2016-10-15
299,3769,t,"$4,003.00",Maile Glover,weekly,"eu,",2020-05-26
300,6030,f,"$9,700.00",Daquan Berry,weekly,enim nec,2016-08-02
301,256,f,"$1,442.00",Acton Leonard,monthly,dictum. Proin eget,2019-08-06
302,3633,f,$513.00,Tiger Hatfield,weekly,"felis orci, adipiscing non, luctus",2016-10-29
303,5818,t,"$2,500.00",Lisandra Duke,one-time,ultrices,2022-09-18
304,4829,f,"$4,142.00",Lucas Chase,weekly,a,2017-11-13
305,7645,f,"$1,598.00",Castor Wells,one-time,Donec,2018-08-31
306,339,t,"$6,039.00",Meghan Graves,weekly,ipsum cursus,2019-01-01
307,6775,t,"$8,976.00",Kalia Brennan,weekly,Morbi,2022-03-22
308,7911,t,"$5,345.00",Maya Mitchell,one-time,"quis, pede.",2017-10-02
309,6522,f,"$2,448.00",Kaseem Mathis,monthly,Phasellus libero,2016-05-15
310,2,t,"$8,391.00",Willa Ingram,weekly,congue. In,2021-02-21
311,5392,f,"$4,889.00",Alexis Morin,weekly,sit amet ante.,2017-07-01
312,6339,t,"$5,099.00",Hashim Franklin,weekly,tristique,2021-12-04
313,7074,t,"$9,487.00",Norman Fitzgerald,one-time,tristique aliquet. Phasellus fermentum,2022-04-07
314,1880,t,"$4,115.00",Kaitlin Greene,one-time,orci. Ut sagittis lobortis mauris.,2020-10-31
315,5839,f,"$1,012.00",Macaulay Elliott,monthly,"Etiam laoreet, libero",2017-05-07
316,4135,f,"$8,907.00",Willa Hewitt,weekly,nisi.,2021-04-30
317,4876,t,"$6,588.00",Pearl Reyes,weekly,"quis, pede. Praesent",2022-04-16
318,938,t,"$9,481.00",Chantale Burks,weekly,,2023-01-20
319,5121,t,"$8,454.00",Carson Underwood,weekly,ipsum. Donec sollicitudin,2017-03-01
320,3640,t,"$1,268.00",Kevyn Velazquez,one-time,"magna,",2021-03-07
321,122,f,"$6,633.00",Shelly Pearson,weekly,,2017-09-29
322,4483,t,"$5,336.00",Claudia Grant,monthly,vitae,2020-12-21
323,1017,t,"$5,818.00",Seth Ayers,monthly,interdum ligula eu enim.,2021-08-26
324,2790,t,"$2,983.00",Hadassah Horn,one-time,quam. Curabitur vel lectus.,2018-12-01
325,31,f,"$1,884.00",Lenore Dodson,monthly,mus. Proin vel,2018-07-27
326,3988,t,"$5,827.00",Denton Brewer,weekly,eleifend,2018-10-17
327,6039,f,"$7,130.00",Isabella Carroll,monthly,"Duis cursus, diam at pretium",2021-08-18
328,7246,t,$418.00,Sigourney Dixon,one-time,commodo,2022-11-26
329,3988,t,"$1,032.00",Erich Carney,weekly,"luctus vulputate, nisi sem",2018-02-02
330,1702,f,"$6,557.00",Maia Grimes,weekly,semper auctor. Mauris vel turpis.,2020-02-07
331,3051,t,"$9,339.00",Melodie Manning,one-time,sed orci lobortis augue,2016-12-04
332,5753,f,$556.00,Evelyn Griffith,one-time,et ultrices posuere cubilia,2017-05-24
333,7732,t,"$2,865.00",Leslie Kline,monthly,blandit enim,2021-03-27
334,1167,f,"$2,466.00",Dana Blake,one-time,velit. Aliquam,2019-09-01
335,1194,f,"$5,852.00",Plato Rich,weekly,non enim. Mauris quis turpis,2016-11-21
336,4511,f,"$7,530.00",Flynn Davis,weekly,magna.,2022-10-06
337,2137,f,$125.00,Dominic Mccullough,monthly,"Sed pharetra, felis eget",2020-09-16
338,3116,f,"$6,009.00",Echo Ramos,one-time,Nunc ac sem ut dolor,2018-03-22
339,4082,t,"$6,099.00",Kalia Williamson,weekly,parturient,2020-05-16
340,6975,t,"$7,286.00",Chaney Hale,weekly,"commodo at, libero.",2019-01-16
341,6823,f,"$3,018.00",Melodie Estrada,one-time,parturient,2016-12-29
342,5155,t,"$9,145.00",Bruno Merrill,weekly,pede.,2018-11-25
343,4245,t,"$4,078.00",Galvin Malone,one-time,turpis egestas. Fusce,2019-01-14
344,1655,t,"$2,627.00",Allegra Whitfield,weekly,"at, nisi. Cum",2019-12-27
345,5651,f,"$5,259.00",Gareth Hines,weekly,mauris blandit mattis.,2021-11-15
346,5340,f,"$7,671.00",Stacey Conway,one-time,interdum enim,2018-07-04
347,4312,f,"$7,698.00",Otto Underwood,weekly,"in, cursus et, eros. Proin",2016-10-21
348,6840,t,"$7,484.00",Gavin Walter,one-time,velit. Aliquam,2018-10-02
349,611,f,"$5,212.00",Shea Hardy,one-time,metus vitae velit egestas lacinia.,2022-04-21
350,7308,t,"$2,617.00",Macaulay Clayton,one-time,faucibus. Morbi,2021-05-15
351,5940,t,"$5,543.00",Natalie Skinner,weekly,,2021-03-06
352,6692,t,"$1,344.00",Colleen Robertson,one-time,"ullamcorper. Duis cursus,",2020-12-01
353,4742,f,$711.00,Basil Harding,one-time,,2021-08-09
354,721,t,"$9,574.00",Ahmed Moran,one-time,,2021-07-29
355,2429,f,"$8,262.00",Nadine Lucas,one-time,,2019-12-04
356,3187,t,"$8,478.00",Elijah Mullins,one-time,,2020-07-07
357,4222,f,"$9,263.00",Patricia Torres,monthly,facilisis,2019-02-09
358,5098,t,"$2,038.00",Justine Russell,weekly,euismod urna.,2017-06-25
359,1363,f,$17.00,Eric Vargas,monthly,ipsum dolor sit,2022-12-23
360,5855,f,"$7,114.00",Florence Joyner,one-time,et malesuada fames,2016-07-23
361,6674,f,"$9,152.00",Sebastian Farmer,one-time,"montes, nascetur ridiculus mus.",2017-08-02
362,1199,f,"$4,358.00",Galena Merrill,weekly,orci sem eget massa. Suspendisse,2018-11-17
363,1939,f,"$3,726.00",Daryl Tran,weekly,adipiscing lobortis,2022-01-05
364,6646,t,"$8,982.00",Kirestin Rush,weekly,dictum,2018-03-30
365,836,f,"$6,310.00",Brandon Cooke,weekly,"hendrerit a,",2020-07-23
366,6450,f,"$8,325.00",Ivor Randall,weekly,turpis. Aliquam,2021-05-07
367,72,t,"$1,856.00",Chandler Huffman,weekly,Nulla,2018-08-15
368,5851,t,"$3,638.00",Ferdinand Petersen,one-time,nibh,2018-07-12
369,6999,f,"$2,294.00",Quinn Nixon,monthly,"iaculis,",2017-01-04
370,990,f,"$6,960.00",Duncan Calhoun,one-time,faucibus orci luctus et ultrices,2019-02-23
371,3945,f,"$2,658.00",Gail Todd,weekly,tincidunt nibh.,2018-07-02
372,6508,f,"$2,698.00",Kelly Gonzalez,one-time,turpis egestas.,2020-12-17
373,2677,t,"$7,818.00",Lucian Cobb,one-time,consequat,2020-06-05
374,3866,t,"$5,513.00",Georgia Valdez,weekly,,2017-06-05
375,2348,t,"$8,298.00",Moana Franks,weekly,"ornare,",2020-03-06
376,6220,f,"$1,328.00",Illiana Cotton,monthly,nunc ac mattis,2018-07-03
377,339,t,"$7,064.00",Raven Riggs,weekly,"tempus non, lacinia at,",2016-07-14
378,1735,t,"$3,991.00",Thaddeus Fuller,weekly,"eleifend, nunc risus",2018-08-10
379,4527,f,"$5,471.00",Eric Herring,monthly,est ac,2017-06-15
380,4751,f,"$3,493.00",Wanda Le,monthly,interdum enim,2019-02-19
381,8091,f,"$4,930.00",Quail Sykes,monthly,tortor,2019-07-07
382,1933,t,"$2,956.00",Charissa Harmon,monthly,"pellentesque, tellus sem",2020-01-03
383,7043,t,"$8,756.00",Rana Morrison,monthly,amet ornare lectus justo,2016-03-09
384,4814,f,"$1,594.00",Jordan Simon,weekly,"eleifend nec, malesuada",2016-06-10
385,4443,t,"$1,968.00",Abel Wade,weekly,,2022-08-04
386,2204,f,"$2,332.00",Amy Mann,weekly,Sed auctor,2020-10-12
387,2522,f,"$2,297.00",Kiayada Mcfarland,monthly,sodales elit,2021-03-23
388,3146,f,"$7,126.00",Chaney Fox,monthly,Nulla facilisi.,2020-08-19
389,3663,t,"$2,938.00",Emmanuel Good,one-time,augue ut lacus. Nulla,2022-02-21
390,5372,t,"$4,098.00",Lysandra Vega,one-time,Morbi sit amet massa.,2017-02-24
391,5001,t,"$7,805.00",Amanda Atkinson,one-time,metus facilisis,2022-02-01
392,4764,t,$699.00,Donovan Cole,monthly,,2020-08-21
393,4266,t,"$9,152.00",Nash Mcneil,one-time,"et, magna. Praesent",2018-10-10
394,7707,t,"$6,001.00",Kimberley Jackson,one-time,"malesuada vel, venenatis vel,",2018-07-10
395,4256,f,"$7,086.00",Madaline Levy,weekly,faucibus. Morbi,2019-03-03
396,3976,f,"$8,639.00",Melodie Noble,one-time,,2021-11-14
397,613,t,"$1,468.00",Honorato Romero,weekly,Donec consectetuer,2020-02-02
398,6861,t,"$9,118.00",Demetria Newman,weekly,,2021-03-25
399,4983,f,"$1,256.00",Fritz Peck,monthly,lorem eu metus. In,2019-01-08
400,118,f,"$4,488.00",Chaney Hickman,weekly,turpis,2016-02-06
401,3275,f,"$7,494.00",Norman Moody,one-time,"a, facilisis non,",2019-07-22
402,7104,f,"$1,827.00",Cleo Mills,weekly,Praesent,2016-10-23
403,1700,t,"$4,134.00",Nicole Duncan,weekly,,2020-10-22
404,4421,f,"$2,290.00",Judah Hebert,one-time,augue. Sed molestie.,2020-11-06
405,5800,f,"$3,935.00",Rebekah Wooten,monthly,Donec,2019-04-22
406,4243,f,"$5,222.00",Vivian Hall,one-time,"non, bibendum",2022-12-22
407,7168,f,"$3,667.00",Tarik Casey,one-time,Lorem ipsum dolor,2016-10-08
408,2975,f,"$2,532.00",Hunter Pace,one-time,eu dolor egestas rhoncus.,2018-02-15
409,5897,t,$94.00,Jacqueline Carter,monthly,faucibus orci luctus et ultrices,2019-10-14
410,919,t,"$3,691.00",Autumn Velasquez,weekly,nisi,2017-10-23
411,7617,f,"$8,447.00",Aladdin Cox,weekly,,2016-11-14
412,3631,t,"$6,096.00",Margaret Grimes,monthly,natoque penatibus,2020-11-04
413,1820,t,"$3,566.00",Quynn Davenport,weekly,aliquet odio. Etiam,2019-02-16
414,6666,f,"$4,895.00",Wilma Lane,one-time,"Donec elementum,",2019-07-06
415,5257,t,"$1,847.00",Beau Palmer,monthly,vitae odio sagittis semper.,2020-04-07
416,7768,f,$799.00,Demetria Crane,weekly,diam dictum sapien. Aenean,2019-01-18
417,7191,t,"$1,733.00",Amal Blanchard,weekly,Pellentesque habitant,2017-12-18
418,7993,t,"$3,237.00",Ishmael Jennings,weekly,ullamcorper,2022-12-18
419,6187,t,"$7,061.00",Bevis Mathews,one-time,dui nec urna,2020-09-05
420,3919,f,"$1,828.00",Kirestin Dodson,one-time,"vitae, orci. Phasellus",2020-06-11
421,2240,t,"$7,570.00",Sean Cervantes,one-time,,2019-08-12
422,4030,t,"$1,535.00",Jelani Hines,weekly,interdum enim non nisi.,2019-08-02
423,7546,f,"$2,426.00",Yardley Norman,weekly,,2021-12-02
424,4780,f,"$8,963.00",Jaime Castillo,monthly,elit. Nulla,2019-12-23
425,6167,t,"$4,281.00",Margaret Franks,monthly,"euismod ac,",2023-01-14
426,7919,t,"$1,991.00",Herrod Price,monthly,Duis mi,2019-09-30
427,3452,f,"$2,384.00",Kirestin Richard,weekly,elit sed,2021-01-09
428,5207,f,"$1,155.00",Shafira Best,weekly,risus. In,2018-09-09
429,3845,f,$127.00,Hiram Faulkner,weekly,adipiscing elit. Curabitur sed,2016-08-28
430,1747,t,"$7,453.00",Kennedy Love,monthly,dictum magna. Ut tincidunt orci,2017-07-24
431,1852,t,"$3,158.00",Gary Houston,one-time,semper,2017-03-08
432,3825,f,$319.00,Oprah Moon,one-time,dictum,2019-07-30
433,5038,f,"$6,910.00",Tucker Ortega,weekly,"sapien, gravida non, sollicitudin",2016-07-22
434,3914,t,"$1,315.00",Grady Reeves,monthly,"montes, nascetur ridiculus mus.",2020-07-25
435,6249,f,"$8,756.00",Martena Johnston,one-time,"Integer eu lacus. Quisque imperdiet,",2020-10-25
436,2536,f,"$2,026.00",Tyrone Roman,monthly,In tincidunt,2017-04-24
437,999,t,"$1,061.00",Quinn Johnson,one-time,,2022-07-20
438,673,f,"$5,432.00",TaShya Rocha,monthly,ac mattis velit justo nec,2022-09-16
439,7033,t,"$4,809.00",Abdul Sanders,one-time,,2020-06-28
440,1307,t,"$4,515.00",Nasim Gallagher,weekly,dolor. Fusce,2021-02-27
441,1160,f,"$7,000.00",Thomas Rivas,one-time,ipsum. Suspendisse sagittis. Nullam,2022-03-16
442,7943,f,"$5,962.00",Anthony Alford,weekly,quam. Curabitur,2018-02-23
443,2073,f,"$1,336.00",Brielle Baird,one-time,"imperdiet non, vestibulum",2016-08-10
444,7059,t,$147.00,Roary York,monthly,augue ut,2019-12-01
445,259,t,"$4,289.00",Chase Hale,monthly,velit. Aliquam nisl. Nulla,2022-07-05
446,1438,f,"$1,037.00",Allistair Talley,monthly,habitant morbi tristique senectus,2017-01-14
447,4707,t,"$1,554.00",Ruby Griffin,weekly,metus. In,2017-10-14
448,235,f,"$2,912.00",Fuller Graves,one-time,vitae risus.,2019-10-30
449,4561,t,"$3,191.00",Brenna Hobbs,weekly,"sapien, cursus",2022-09-19
450,1648,t,"$6,054.00",Savannah Phillips,weekly,"sapien. Cras dolor dolor,",2021-10-22
451,1982,f,"$6,105.00",Tanner Grant,weekly,Cras,2022-09-25
452,5191,t,"$2,799.00",Isabelle Owens,one-time,"ac,",2020-04-10
453,4255,t,"$5,841.00",Iona Chaney,weekly,Sed malesuada,2016-10-18
454,2062,t,"$1,375.00",Derek Shaffer,one-time,Sed molestie.,2020-08-04
455,7022,f,"$6,197.00",Calista Chambers,weekly,eu eros.,2018-11-25
456,7299,t,"$9,449.00",Isabella Koch,monthly,ornare sagittis felis. Donec,2018-10-16
457,4831,t,"$4,922.00",Fleur Sloan,weekly,nulla. Cras eu tellus eu,2017-03-05
458,3939,f,$334.00,Magee Casey,weekly,nisi. Mauris nulla.,2016-06-02
459,7498,f,"$8,617.00",Iris Holmes,one-time,pharetra. Nam,2017-07-14
460,1029,t,"$5,443.00",Noel Lowe,one-time,vel quam dignissim pharetra. Nam,2020-05-28
461,1797,t,"$8,987.00",Malcolm Duke,one-time,"parturient montes, nascetur ridiculus",2019-09-12
462,3283,t,"$5,610.00",Tanek Hudson,weekly,"elit elit fermentum risus,",2019-02-21
463,3814,f,"$1,963.00",Ginger Floyd,monthly,Quisque tincidunt pede,2017-09-16
464,7319,f,"$2,714.00",Michael Avila,monthly,pede. Praesent eu dui.,2017-12-02
465,1208,f,$798.00,Kyla Villarreal,weekly,nisi. Mauris nulla. Integer,2020-04-23
466,4740,f,"$2,177.00",Fatima Freeman,weekly,"id, erat. Etiam vestibulum massa",2019-05-07
467,2391,f,"$4,931.00",Daria Austin,weekly,"et, commodo at,",2019-07-28
468,1156,f,"$3,964.00",Griffin Carr,weekly,est. Nunc,2019-01-18
469,6480,f,"$3,907.00",Brett Woods,weekly,"dolor. Fusce mi lorem,",2018-09-03
470,3757,f,$59.00,Gabriel Valenzuela,weekly,fringilla cursus purus. Nullam,2023-01-15
471,3290,f,"$3,428.00",Zia Travis,one-time,"eleifend, nunc risus varius orci,",2018-12-31
472,150,f,"$2,371.00",Rogan Paul,one-time,eros. Proin ultrices.,2021-07-08
473,6747,f,$594.00,Mannix Delaney,weekly,velit. Pellentesque ultricies,2017-03-08
474,2602,f,"$7,770.00",Ignatius Miles,weekly,pede et risus. Quisque,2016-02-24
475,5725,f,"$7,814.00",Mason Ellis,one-time,Quisque nonummy,2019-12-27
476,1515,t,"$6,367.00",Chava Wilcox,weekly,,2022-01-14
477,1650,f,"$2,425.00",Tanisha Day,one-time,"sodales purus, in molestie",2020-05-15
478,6008,t,"$9,788.00",Mona Austin,monthly,"in, tempus eu,",2016-04-08
479,618,t,"$8,182.00",Harrison Contreras,weekly,,2020-03-23
480,5830,f,"$4,741.00",Wayne Nash,weekly,inceptos hymenaeos. Mauris ut quam,2018-12-18
481,5418,t,"$1,867.00",Lacota Gregory,weekly,metus. Aliquam erat,2017-09-08
482,4358,f,"$4,926.00",Kirestin Howell,weekly,felis. Donec,2018-02-08
483,3766,t,"$9,166.00",Gregory Miranda,weekly,Aliquam gravida,2019-07-25
484,2076,f,"$1,013.00",Chaim Daugherty,one-time,velit. Sed malesuada augue,2021-12-02
485,4621,f,"$1,857.00",Maryam Becker,monthly,Proin mi. Aliquam gravida,2019-07-09
486,6644,f,"$7,297.00",Tate Hobbs,monthly,nunc sed,2020-02-27
487,3457,t,"$1,444.00",Ashton Mcknight,monthly,Nam consequat dolor,2019-10-20
488,8003,t,"$2,154.00",Cullen Wise,weekly,Sed,2019-04-20
489,5215,f,"$8,000.00",TaShya Sullivan,weekly,"lacus. Nulla tincidunt, neque",2020-01-20
490,7503,f,"$1,038.00",Chelsea Huffman,monthly,lorem,2020-10-02
491,1311,f,"$4,045.00",Thane Meadows,weekly,lacus pede sagittis,2020-03-10
492,2252,t,"$7,829.00",Candice Shannon,weekly,"rutrum, justo.",2017-01-07
493,6962,t,"$9,611.00",Barry Erickson,weekly,sed,2017-03-04
494,161,t,"$8,168.00",Brian Parsons,weekly,lacus. Ut,2022-09-05
495,5154,f,"$1,021.00",Iola Cotton,weekly,"lectus ante dictum mi, ac",2019-06-10
496,6247,t,"$8,570.00",Ferris Henry,monthly,commodo ipsum. Suspendisse,2016-02-05
497,4479,t,"$5,026.00",August Monroe,monthly,a neque. Nullam ut nisi,2016-12-07
498,4027,t,"$8,812.00",Alexa Mcmillan,monthly,,2017-03-06
499,3086,f,"$7,295.00",Nissim Crane,one-time,lacus. Aliquam rutrum,2017-01-22
